<?xml version="1.0.1" encoding="UTF-8"?>
<addon id="plugin.program.MaXoFloW-GuiaTV-Chrome" name="[COLOR red]MaXoFloW Guia TV Para Chrome[/COLOR]" version="1.0..1" provider-name="[COLOR red]MaXoFloW.CoM[/COLOR]">
    <requires>
        <import addon="xbmc.python" version="2.1.0"/>
		<import addon="script.module.pydevd" version="2.1.0" optional="true"/>
    </requires>
    <extension point="xbmc.python.pluginsource" library="default.py">
        <provides>executable</provides>
    </extension>
    <extension point="xbmc.addon.metadata">
        <platform>all</platform>
        <summary lang="en">MaXoFloW Guia TV Para Chrome</summary>
        <language></language>
        <description lang="en">Guias de Televisión a través del navegador de Google Chrome</description>
        <license>GNU GENERAL PUBLIC LICENSE. Version 1, Noviembre 2016</license>
        <website></website>
    </extension>
</addon>
