<?xml version="1.0" encoding="UTF-8"?>
    <addon id="repository.MaXoFloW" name="MaXoFloW Repo" version="1.0.1" provider-name="MaXoFloW.CoM">
        <requires>
            <import addon="xbmc.addon" version="12.0.0"/>
        </requires>
        <extension point="xbmc.addon.repository" name="MaXoFloW Repo">
            <info compressed="false">https://raw.githubusercontent.com/maxoflow/MaXoFloW-Repo/master/_repo/addons.xml</info>
            <checksum>https://raw.githubusercontent.com/maxoflow/MaXoFloW-Repo/master/_repo/addons.xml.md5</checksum>
            <datadir zip="true">https://raw.githubusercontent.com/maxoflow/MaXoFloW-Repo/master/_repo/</datadir>
            <hashes>false</hashes>
        </extension>
        <extension point="xbmc.addon.metadata">
            <summary>MaXoFloW Repo</summary>
            <description>Instala los Addons de MaXoFloW Repo</description>
            <platform>all</platform>
    </extension>
</addon>